From*, To*, Rate, 
1, 15, 0.0290769377690151, 
15, 1, 0.0034605942960814, 
15, 21, 0.000198624407726387, 
21, 15, 0.0135886835450878, 
