From*, To*, Rate, 
1, 15, 0.0025311969531016, 
1, 21, 8.55490003052149e-06, 
1, 39, 7.50493510115469e-07, 
15, 1, 0.0155794610025865, 
15, 21, 0.00225718813692081, 
15, 39, 0.00232502631305848, 
21, 1, 0.0155778683055941, 
21, 15, 0.012615661098606, 
21, 39, 0.160880266359556, 
39, 15, 0.000164623254055155, 
39, 21, 0.00267223049036431, 
